Year,Theory of Computation,Algorithms,Digital Logic,Operating System,Databases,Compiler Design,IS & Software Engg.,CO & Architecture,Programming,Data Structures,Computer Networks,Web Technologies,Discrete Mathematics,Mathematical Logic,Set Theory & Algebra,Combinatory,Graph Theory,Engineering Mathematics,Probability,Linear Algebra,Numerical Methods,Calculus,Quantitative Aptitude,Verbal Aptitude,Analytical Aptitude,Spatial Aptitude,Total
2023,9,6,6,9,5,7,0,10,1,8,8,0.0,10.0,1,4,3,2,6.0,2,2,0.0,2,5,4,3,3,100
2022,8,6,5,10,7,4,0,7,5,4,10,0.0,13.0,0,1,5,7,6.0,0,5,0.0,1,6,3,3,3,100
2020,9,8,6,10,8,4,0,9,3,7,6,0.0,8.0,2,2,2,2,5.0,2,2,0.0,1,7,6,2,0,100
2019,8,6,8,10,8,6,0,4,8,4,9,0.0,8.0,2,1,2,3,8.0,4,3,0.0,1,8,7,0,0,100
2018,8,8,6,9,6,5,0,8,8,2,7,0.0,11.0,2,3,3,3,7.0,3,3,0.0,1,13,2,0,0,100
2013,8,13,5,12,7,3,3,9,2,3,7,0.0,8.0,4,1,0,3,4.0,2,1,1.0,1,9,6,0,0,100
2012,5,12,5,9,11,4,0,5,7,2,9,0.0,9.0,2,2,0,5,0.0,5,1,2.0,1,6,9,0,0,100
2011,8,13,7,8,7,6,5,7,1,1,6,1.0,5.0,2,0,2,1,0.0,6,2,0.0,2,6,9,0,0,100
2010,7,11,8,7,7,5,4,6,2,5,7,1.0,9.0,2,2,2,3,0.0,4,2,1.0,1,9,6,0,0,100
